relative_path,kind,size_bytes,category,module,purpose,sheet_count,sheet_names_preview
AsadData68.xls,workbook,3546624,TRANSACTION DATA,Finance,GL transaction dump (all journals),2,Data; CODE ที่ถูก
ASADForm-Voucher -JV-2026-01-12.xlsx,workbook,1923839,REFERENCE DATA,Finance,Printed voucher form templates (not ledger source),107,JV001 ด.1 (GLOBALHEELS SL);  JV002(ด.1); สรรพากร003(ด.1); ค่าตรวจJV004(ด.1); JV(005)(ด.1); JV(006)-ต้นทุน; ปป.69JV(007); JV008ด.2; +99 more
ASADForm-Voucher(Receipt).xlsx,workbook,171373,REFERENCE DATA,Finance,Printed voucher form templates (not ledger source),8,Received; Received (ASAS69); Received (ASAS6) (ด.8); Received (ASAS); Received (7); Received (ASAS2); Received (4); Received (5)
ASADForm-Voucher.xlsx,workbook,682237,REFERENCE DATA,Finance,Printed voucher form templates (not ledger source),39,Payment; Payment  (เงินเดือน); Payment ภาษี(กรมสรรพากร); Payment (คุณกิติ; Payment (เงินเดือน); Payment (คุณสมจิตร) ; Payment (คุณกิติ)ปันผล; Payment (คุณสมจิตร)ปันผล; +31 more
ASAD_Inventory202512.xls,workbook,5628416,MASTER DATA,Inventory + Finance,Dec 2025 inventory export with master data and movement,23,Data In; Data Out; Data Inventory; Product Detail; Product Group; Customer Detail; Supplier Detail; Price; +15 more
FinReport-202512.xls,workbook,539136,REPORT DATA,Finance,Year-end financial statements + trial balance,6,Trial Balance; Working Paper; Profit Loss; Profit Loss Compare; Balance Sheet; งบแสดงการเปลี่ยนแปลงส่วน
GJ-202512-no.1.xls,workbook,207360,TRANSACTION DATA,Finance,General journal register (Dec 2025),1,General Journal
GJ-202512_No.2.xls,workbook,138752,TRANSACTION DATA,Finance,General journal register (Dec 2025),1,General Journal
Purchase Tax2604.xlsx,workbook,15394,REPORT DATA,Tax,VAT return supporting schedule,1,VAT-IN (2)
Sales Tax2604.xlsx,workbook,13458,REPORT DATA,Tax,VAT return supporting schedule,1,Office
SJ000-202512.xls,workbook,64000,TRANSACTION DATA,Sales / Finance,Sales journal register (Dec 2025),1,Sales Journal
SJ001-202512.xls,workbook,63488,TRANSACTION DATA,Sales / Finance,Sales journal register (Dec 2025),1,Sales Journal
Stockcard2025/.xlsx,folder,78974,REFERENCE DATA,Unknown,Unclassified legacy artifact,,
Stockcard2025/2025-1019018.xlsx,workbook,91007,REFERENCE DATA,Unknown,Unclassified legacy artifact,1,Stock Card
Stockcard2025/2025-1019025.xlsx,workbook,85873,REFERENCE DATA,Unknown,Unclassified legacy artifact,1,Stock Card
Stockcard2025/2025-1029017.xlsx,workbook,77965,REFERENCE DATA,Unknown,Unclassified legacy artifact,1,Stock Card
Stockcard2025/2025-1029024.xlsx,workbook,82779,REFERENCE DATA,Unknown,Unclassified legacy artifact,1,Stock Card
Stockcard2025/2025-1039016.xlsx,workbook,82206,REFERENCE DATA,Unknown,Unclassified legacy artifact,1,Stock Card
Stockcard2025/2025-1049015.xlsx,workbook,82025,REFERENCE DATA,Unknown,Unclassified legacy artifact,1,Stock Card
Stockcard2025/2025-1059014.xlsx,workbook,81658,REFERENCE DATA,Unknown,Unclassified legacy artifact,1,Stock Card
Stockcard2025/2025-1059021.xlsx,workbook,81312,REFERENCE DATA,Unknown,Unclassified legacy artifact,1,Stock Card
Stockcard2025/2025-11019015.xlsx,workbook,157444,REFERENCE DATA,Unknown,Unclassified legacy artifact,1,Stock Card
Stockcard2025/2025-12019014.xlsx,workbook,135198,REFERENCE DATA,Unknown,Unclassified legacy artifact,1,Stock Card
Stockcard2025/2025-21019012.xlsx,workbook,123862,REFERENCE DATA,Unknown,Unclassified legacy artifact,1,Stock Card
Stockcard2025/2025-21019029.xlsx,workbook,134123,REFERENCE DATA,Unknown,Unclassified legacy artifact,1,Stock Card
Stockcard2025/2025-21029011.xlsx,workbook,136011,REFERENCE DATA,Unknown,Unclassified legacy artifact,1,Stock Card
Stockcard2025/2025-21039010.xlsx,workbook,130897,REFERENCE DATA,Unknown,Unclassified legacy artifact,1,Stock Card
Stockcard2025/2025-22019011.xlsx,workbook,146396,REFERENCE DATA,Unknown,Unclassified legacy artifact,1,Stock Card
Stockcard2025/2025-22029010.xlsx,workbook,77996,REFERENCE DATA,Unknown,Unclassified legacy artifact,1,Stock Card
Stockcard2025/2025-31019019.xlsx,workbook,109844,REFERENCE DATA,Unknown,Unclassified legacy artifact,1,Stock Card
Stockcard2025/2025-31029018.xlsx,workbook,78848,REFERENCE DATA,Unknown,Unclassified legacy artifact,1,Stock Card
Stockcard2025/2025-31039017.xlsx,workbook,76798,REFERENCE DATA,Unknown,Unclassified legacy artifact,1,Stock Card
Stockcard2025/2025-31039024.xlsx,workbook,80929,REFERENCE DATA,Unknown,Unclassified legacy artifact,1,Stock Card
Stockcard2025/2025-35019015.xlsx,workbook,74782,REFERENCE DATA,Unknown,Unclassified legacy artifact,1,Stock Card
Stockcard2025/2025-36019014.xlsx,workbook,75134,REFERENCE DATA,Unknown,Unclassified legacy artifact,1,Stock Card
Stockcard2025/2025-36039012.xlsx,workbook,74774,REFERENCE DATA,Unknown,Unclassified legacy artifact,1,Stock Card
Stockcard2025/2025-41010082.xlsx,workbook,76853,REFERENCE DATA,Unknown,Unclassified legacy artifact,1,Stock Card
Stockcard2025/2025-51010010.xlsx,workbook,74962,REFERENCE DATA,Unknown,Unclassified legacy artifact,1,Stock Card)
Stockcard2025/2025-51010027.xlsx,workbook,74819,REFERENCE DATA,Unknown,Unclassified legacy artifact,1,Stock Card
Stockcard2025/2025-51010041.xlsx,workbook,75204,REFERENCE DATA,Unknown,Unclassified legacy artifact,1,Stock Card
Stockcard2025/2025-51010058.xlsx,workbook,76133,REFERENCE DATA,Unknown,Unclassified legacy artifact,1,Stock Card
Stockcard2025/2025-51010065.xlsx,workbook,75909,REFERENCE DATA,Unknown,Unclassified legacy artifact,1,Stock Card
Stockcard2025/2025-51030031.xlsx,workbook,75595,REFERENCE DATA,Unknown,Unclassified legacy artifact,1,Stock Card
Stockcard2025/2025-51030041.xlsx,workbook,75558,REFERENCE DATA,Unknown,Unclassified legacy artifact,1,Stock Card
Stockcard2025/2025-51030051.xlsx,workbook,75338,REFERENCE DATA,Unknown,Unclassified legacy artifact,1,Stock Card
Stockcard2025/2025-51030061.xlsx,workbook,75575,REFERENCE DATA,Unknown,Unclassified legacy artifact,1,Stock Card
Stockcard2025/2025-51040017.xlsx,workbook,75275,REFERENCE DATA,Unknown,Unclassified legacy artifact,1,Stock Card
Stockcard2025/2025-51040024.xlsx,workbook,77470,REFERENCE DATA,Unknown,Unclassified legacy artifact,1,Stock Card
Stockcard2025/2025-55010016.xlsx,workbook,78897,REFERENCE DATA,Unknown,Unclassified legacy artifact,1,Stock Card
Stockcard2025/2025-55020015.xlsx,workbook,78567,REFERENCE DATA,Unknown,Unclassified legacy artifact,1,Stock Card
Stockcard2025/2025-55020053.xlsx,workbook,78988,REFERENCE DATA,Unknown,Unclassified legacy artifact,1,Stock Card
Stockcard2025/2025-55030014.xlsx,workbook,79250,REFERENCE DATA,Unknown,Unclassified legacy artifact,1,Stock Card
Stockcard2025/2025-55030021.xlsx,workbook,83149,REFERENCE DATA,Unknown,Unclassified legacy artifact,1,Stock Card
Stockcard2025/2025-55040011.xlsx,workbook,77807,REFERENCE DATA,Unknown,Unclassified legacy artifact,1,Stock Card
Stockcard2025/2025-55040021.xlsx,workbook,75694,REFERENCE DATA,Unknown,Unclassified legacy artifact,1,Stock Card
Stockcard2025/2025-55060099.xlsx,workbook,79638,REFERENCE DATA,Unknown,Unclassified legacy artifact,1,Stock Card
Stockcard2025/2025-55070019.xlsx,workbook,78988,REFERENCE DATA,Unknown,Unclassified legacy artifact,1,Stock Card
Stockcard2025/2025-55080011.xlsx,workbook,79108,REFERENCE DATA,Unknown,Unclassified legacy artifact,1,Stock Card
Stockcard2025/2025-55090011.xlsx,workbook,84093,REFERENCE DATA,Unknown,Unclassified legacy artifact,1,Stock Card
Stockcard2025/2025-55100011.xlsx,workbook,84281,REFERENCE DATA,Unknown,Unclassified legacy artifact,2,Stock Card; Sheet1
Stockcard2025/2025-55100021.xlsx,workbook,80876,REFERENCE DATA,Unknown,Unclassified legacy artifact,1,Stock Card
Stockcard2025/2025-55100031.xlsx,workbook,78562,REFERENCE DATA,Unknown,Unclassified legacy artifact,1,Stock Card
Stockcard2025/2025-55990011.xlsx,workbook,78725,REFERENCE DATA,Unknown,Unclassified legacy artifact,1,Stock Card
Stockcard2025/2025-61010024.xlsx,workbook,78752,REFERENCE DATA,Unknown,Unclassified legacy artifact,1,Stock Card
Stockcard2025/2025-61040014.xlsx,workbook,79483,REFERENCE DATA,Unknown,Unclassified legacy artifact,1,Stock Card
Stockcard2025/2025-61060012.xlsx,workbook,78575,REFERENCE DATA,Unknown,Unclassified legacy artifact,1,Stock Card
Stockcard2025/2025-61060029.xlsx,workbook,78583,REFERENCE DATA,Unknown,Unclassified legacy artifact,1,Stock Card
Stockcard2025/2025-61070011.xlsx,workbook,78777,REFERENCE DATA,Unknown,Unclassified legacy artifact,1,Stock Card
Stockcard2025/2025-61070059.xlsx,workbook,75184,REFERENCE DATA,Unknown,Unclassified legacy artifact,1,Stock Card
Stockcard2025/2025-61090039.xlsx,workbook,75881,REFERENCE DATA,Unknown,Unclassified legacy artifact,1,Stock Card
Stockcard2025/2025-61100011.xlsx,workbook,76701,REFERENCE DATA,Unknown,Unclassified legacy artifact,1,Stock Card 
Stockcard2025/2025-61110011.xlsx,workbook,75890,REFERENCE DATA,Unknown,Unclassified legacy artifact,1,Stock Card
Stockcard2025/2025-61120011.xlsx,workbook,79550,REFERENCE DATA,Unknown,Unclassified legacy artifact,1,Stock Card
Stockcard2025/2025-65010013.xlsx,workbook,79112,REFERENCE DATA,Unknown,Unclassified legacy artifact,1,Stock Card
Stockcard2025/2025-65030011.xlsx,workbook,77354,REFERENCE DATA,Unknown,Unclassified legacy artifact,1,Stock Card
Stockcard2025/2025-65030028.xlsx,workbook,76370,REFERENCE DATA,Unknown,Unclassified legacy artifact,1,Stock Card
Stockcard2025/2025-65050019.xlsx,workbook,76766,REFERENCE DATA,Unknown,Unclassified legacy artifact,1,Stock Card
Stockcard2025/2025-65090015.xlsx,workbook,78587,REFERENCE DATA,Unknown,Unclassified legacy artifact,1,Stock Card
Stockcard2025/2025-65100011.xlsx,workbook,79954,REFERENCE DATA,Unknown,Unclassified legacy artifact,1,Stock Card
Stockcard2025/2025-65110010.xlsx,workbook,78608,REFERENCE DATA,Unknown,Unclassified legacy artifact,1,Stock Card
Stockcard2025/2025-65120062.xlsx,workbook,79529,REFERENCE DATA,Unknown,Unclassified legacy artifact,1,Stock Card
Stockcard2025/2025-65150011.xlsx,workbook,77254,REFERENCE DATA,Unknown,Unclassified legacy artifact,1,Stock Card
Stockcard2025/2025-65160011.xlsx,workbook,77723,REFERENCE DATA,Unknown,Unclassified legacy artifact,1,Stock Card
Stockcard2025/2025-65170011.xlsx,workbook,78992,REFERENCE DATA,Unknown,Unclassified legacy artifact,1,Stock Card
Stockcard2025/2025-65180013.xlsx,workbook,113079,REFERENCE DATA,Unknown,Unclassified legacy artifact,1,Stock Card
Stockcard2025/2025-70030037.xlsx,workbook,77570,REFERENCE DATA,Unknown,Unclassified legacy artifact,1,Stock Card
Stockcard2025/2025-80010012.xlsx,workbook,78947,REFERENCE DATA,Unknown,Unclassified legacy artifact,1,Stock Card
Stockcard2025/2025-80010050.xlsx,workbook,75201,REFERENCE DATA,Unknown,Unclassified legacy artifact,1,Stock Card
Stockcard2025/2025-80010067.xlsx,workbook,75128,REFERENCE DATA,Unknown,Unclassified legacy artifact,1,Stock Card
Stockcard2025/2025-85020016.xlsx,workbook,75553,REFERENCE DATA,Unknown,Unclassified legacy artifact,1,Stock Card
Stockcard2025/2025-85040014.xlsx,workbook,78523,REFERENCE DATA,Unknown,Unclassified legacy artifact,1,Stock Card
Stockcard2025/2025-85040021.xlsx,workbook,78541,REFERENCE DATA,Unknown,Unclassified legacy artifact,1,Stock Card
Stockcard2025/2025-85050068.xlsx,workbook,75545,REFERENCE DATA,Unknown,Unclassified legacy artifact,1,Stock Card
Stockcard2025/2025-85050129.xlsx,workbook,75471,REFERENCE DATA,Unknown,Unclassified legacy artifact,1,Stock Card
Stockcard2025/2025-85050136.xlsx,workbook,75547,REFERENCE DATA,Unknown,Unclassified legacy artifact,1,Stock Card
Stockcard2025/2025-91010032.xlsx,workbook,79099,REFERENCE DATA,Unknown,Unclassified legacy artifact,1,Stock Card
Stockcard2025/2025-91020031.xlsx,workbook,78635,REFERENCE DATA,Unknown,Unclassified legacy artifact,1,Stock Card
Stockcard2025/2025-91050038.xlsx,workbook,79060,REFERENCE DATA,Unknown,Unclassified legacy artifact,1,Stock Card
Stockcard2025/2025-91050045.xlsx,workbook,77749,REFERENCE DATA,Unknown,Unclassified legacy artifact,1,Stock Card
Stockcard2025/2025-91050113.xlsx,workbook,78478,REFERENCE DATA,Unknown,Unclassified legacy artifact,1,Stock Card
Stockcard2025/2025-91050120.xlsx,workbook,78728,REFERENCE DATA,Unknown,Unclassified legacy artifact,1,Stock Card
Stockcard2025/2025-92020030.xlsx,workbook,125591,REFERENCE DATA,Unknown,Unclassified legacy artifact,1,Stock Card
Stockcard2025/2025-92020047.xlsx,workbook,78952,REFERENCE DATA,Unknown,Unclassified legacy artifact,1,Stock Card
Stockcard2025/2025-92020080.xlsx,workbook,78630,REFERENCE DATA,Unknown,Unclassified legacy artifact,1,Stock Card
Stockcard2025/2025-92020090.xlsx,workbook,78696,REFERENCE DATA,Unknown,Unclassified legacy artifact,1,Stock Card
Stockcard2025/2025-92020100.xlsx,workbook,78804,REFERENCE DATA,Unknown,Unclassified legacy artifact,1,Stock Card
Stockcard2025/2025-92020110.xlsx,workbook,78602,REFERENCE DATA,Unknown,Unclassified legacy artifact,1,Stock Card
Stockcard2025/2025-93010016.xlsx,workbook,76422,REFERENCE DATA,Unknown,Unclassified legacy artifact,1,Stock Card
Stockcard2025/2025-99999999.xlsx,workbook,78632,REFERENCE DATA,Unknown,Unclassified legacy artifact,1,Stock Card
Stockcard2025/ASAD_InvAllCode 2025.xlsm,other,402803,REFERENCE DATA,Unknown,Unclassified legacy artifact,,
Stockcard2025/ASAD_InvDetail.org.xlsx,workbook,97561,REFERENCE DATA,Unknown,Unclassified legacy artifact,2,INV_Detail; INV_Group
Stockcard2025/ASAD_InvDetail.xlsx,workbook,100907,REFERENCE DATA,Unknown,Unclassified legacy artifact,2,INV_Detail; INV_Group
Stockcard2025/ASAD_InvDetail.xlsx.org,other,98075,REFERENCE DATA,Unknown,Unclassified legacy artifact,,
Stockcard2025/Stockcard2020.old/2020-1019018.xls,workbook,52224,REFERENCE DATA,Unknown,Unclassified legacy artifact,1,Stock Card
Stockcard2025/Stockcard2020.old/2020-1019025.xls,workbook,51200,REFERENCE DATA,Unknown,Unclassified legacy artifact,1,Stock Card
Stockcard2025/Stockcard2020.old/2020-1029017.xls,workbook,33792,REFERENCE DATA,Unknown,Unclassified legacy artifact,1,Stock Card
Stockcard2025/Stockcard2020.old/2020-1029024.xls,workbook,44544,REFERENCE DATA,Unknown,Unclassified legacy artifact,1,Stock Card
Stockcard2025/Stockcard2020.old/2020-1039016.xls,workbook,40960,REFERENCE DATA,Unknown,Unclassified legacy artifact,1,Stock Card
Stockcard2025/Stockcard2020.old/2020-1049015.xls,workbook,52224,REFERENCE DATA,Unknown,Unclassified legacy artifact,1,Stock Card
Stockcard2025/Stockcard2020.old/2020-1059014.xls,workbook,35328,REFERENCE DATA,Unknown,Unclassified legacy artifact,1,Stock Card
Stockcard2025/Stockcard2020.old/2020-1059021.xls,workbook,40960,REFERENCE DATA,Unknown,Unclassified legacy artifact,1,Stock Card
Stockcard2025/Stockcard2020.old/2020-11019015.xls,workbook,49664,REFERENCE DATA,Unknown,Unclassified legacy artifact,1,Stock Card
Stockcard2025/Stockcard2020.old/2020-12019014.xls,workbook,44032,REFERENCE DATA,Unknown,Unclassified legacy artifact,1,Stock Card
Stockcard2025/Stockcard2020.old/2020-21019012.xls,workbook,42496,REFERENCE DATA,Unknown,Unclassified legacy artifact,1,Stock Card
Stockcard2025/Stockcard2020.old/2020-21019029.xls,workbook,48640,REFERENCE DATA,Unknown,Unclassified legacy artifact,1,Stock Card
Stockcard2025/Stockcard2020.old/2020-21029011.xls,workbook,50176,REFERENCE DATA,Unknown,Unclassified legacy artifact,1,Stock Card
Stockcard2025/Stockcard2020.old/2020-21039010.xls,workbook,40960,REFERENCE DATA,Unknown,Unclassified legacy artifact,1,Stock Card
Stockcard2025/Stockcard2020.old/2020-22019011.xls,workbook,43520,REFERENCE DATA,Unknown,Unclassified legacy artifact,1,Stock Card
Stockcard2025/Stockcard2020.old/2020-22029010.xls,workbook,38400,REFERENCE DATA,Unknown,Unclassified legacy artifact,1,Stock Card
Stockcard2025/Stockcard2020.old/2020-31019019.xls,workbook,40960,REFERENCE DATA,Unknown,Unclassified legacy artifact,1,Stock Card
Stockcard2025/Stockcard2020.old/2020-31029018.xls,workbook,35840,REFERENCE DATA,Unknown,Unclassified legacy artifact,1,Stock Card
Stockcard2025/Stockcard2020.old/2020-31039017.xls,workbook,36352,REFERENCE DATA,Unknown,Unclassified legacy artifact,1,Stock Card
Stockcard2025/Stockcard2020.old/2020-31039024.xls,workbook,39936,REFERENCE DATA,Unknown,Unclassified legacy artifact,1,Stock Card
Stockcard2025/Stockcard2020.old/2020-35019015.xls,workbook,31744,REFERENCE DATA,Unknown,Unclassified legacy artifact,1,Stock Card
Stockcard2025/Stockcard2020.old/2020-36019014.xls,workbook,32256,REFERENCE DATA,Unknown,Unclassified legacy artifact,1,Stock Card
Stockcard2025/Stockcard2020.old/2020-36039012.xls,workbook,31744,REFERENCE DATA,Unknown,Unclassified legacy artifact,1,Stock Card
Stockcard2025/Stockcard2020.old/2020-41010082.xls,workbook,33792,REFERENCE DATA,Unknown,Unclassified legacy artifact,1,Stock Card
Stockcard2025/Stockcard2020.old/2020-51010010.xls,workbook,38400,REFERENCE DATA,Unknown,Unclassified legacy artifact,1,Stock Card
Stockcard2025/Stockcard2020.old/2020-51010027.xls,workbook,37376,REFERENCE DATA,Unknown,Unclassified legacy artifact,1,Stock Card
Stockcard2025/Stockcard2020.old/2020-51010041.xls,workbook,34304,REFERENCE DATA,Unknown,Unclassified legacy artifact,1,Stock Card
Stockcard2025/Stockcard2020.old/2020-51010058.xls,workbook,33792,REFERENCE DATA,Unknown,Unclassified legacy artifact,1,Stock Card
Stockcard2025/Stockcard2020.old/2020-51010065.xls,workbook,34304,REFERENCE DATA,Unknown,Unclassified legacy artifact,1,Stock Card
Stockcard2025/Stockcard2020.old/2020-51030031.xls,workbook,36864,REFERENCE DATA,Unknown,Unclassified legacy artifact,1,Stock Card
Stockcard2025/Stockcard2020.old/2020-51030041.xls,workbook,37376,REFERENCE DATA,Unknown,Unclassified legacy artifact,1,Stock Card
Stockcard2025/Stockcard2020.old/2020-51030051.xls,workbook,35840,REFERENCE DATA,Unknown,Unclassified legacy artifact,1,Stock Card
Stockcard2025/Stockcard2020.old/2020-51030061.xls,workbook,35840,REFERENCE DATA,Unknown,Unclassified legacy artifact,1,Stock Card
Stockcard2025/Stockcard2020.old/2020-51040017.xls,workbook,32256,REFERENCE DATA,Unknown,Unclassified legacy artifact,1,Stock Card
Stockcard2025/Stockcard2020.old/2020-51040024.xls,workbook,31744,REFERENCE DATA,Unknown,Unclassified legacy artifact,1,Stock Card
Stockcard2025/Stockcard2020.old/2020-55010016.xls,workbook,33280,REFERENCE DATA,Unknown,Unclassified legacy artifact,1,Stock Card
Stockcard2025/Stockcard2020.old/2020-55020015.xls,workbook,30208,REFERENCE DATA,Unknown,Unclassified legacy artifact,1,Stock Card
Stockcard2025/Stockcard2020.old/2020-55020053.xls,workbook,34816,REFERENCE DATA,Unknown,Unclassified legacy artifact,1,Stock Card
Stockcard2025/Stockcard2020.old/2020-55030014.xls,workbook,37376,REFERENCE DATA,Unknown,Unclassified legacy artifact,1,Stock Card
Stockcard2025/Stockcard2020.old/2020-55040011.xls,workbook,37888,REFERENCE DATA,Unknown,Unclassified legacy artifact,1,Stock Card
Stockcard2025/Stockcard2020.old/2020-55040021.xls,workbook,37888,REFERENCE DATA,Unknown,Unclassified legacy artifact,1,Stock Card
Stockcard2025/Stockcard2020.old/2020-55060099.xls,workbook,37376,REFERENCE DATA,Unknown,Unclassified legacy artifact,1,Stock Card
Stockcard2025/Stockcard2020.old/2020-55070019.xls,workbook,33280,REFERENCE DATA,Unknown,Unclassified legacy artifact,1,Stock Card
Stockcard2025/Stockcard2020.old/2020-55080011.xls,workbook,36864,REFERENCE DATA,Unknown,Unclassified legacy artifact,1,Stock Card
Stockcard2025/Stockcard2020.old/2020-55090011.xls,workbook,37888,REFERENCE DATA,Unknown,Unclassified legacy artifact,1,Stock Card
Stockcard2025/Stockcard2020.old/2020-55100011.xls,workbook,37376,REFERENCE DATA,Unknown,Unclassified legacy artifact,1,Stock Card
Stockcard2025/Stockcard2020.old/2020-55100021.xls,workbook,36864,REFERENCE DATA,Unknown,Unclassified legacy artifact,1,Stock Card
Stockcard2025/Stockcard2020.old/2020-55100031.xls,workbook,36352,REFERENCE DATA,Unknown,Unclassified legacy artifact,1,Stock Card
Stockcard2025/Stockcard2020.old/2020-61010024.xls,workbook,33280,REFERENCE DATA,Unknown,Unclassified legacy artifact,1,Stock Card
Stockcard2025/Stockcard2020.old/2020-61040014.xls,workbook,31744,REFERENCE DATA,Unknown,Unclassified legacy artifact,1,Stock Card
Stockcard2025/Stockcard2020.old/2020-61060012.xls,workbook,34816,REFERENCE DATA,Unknown,Unclassified legacy artifact,1,Stock Card
Stockcard2025/Stockcard2020.old/2020-61060029.xls,workbook,34816,REFERENCE DATA,Unknown,Unclassified legacy artifact,1,Stock Card
Stockcard2025/Stockcard2020.old/2020-61070011.xls,workbook,37376,REFERENCE DATA,Unknown,Unclassified legacy artifact,1,Stock Card
Stockcard2025/Stockcard2020.old/2020-61070059.xls,workbook,37376,REFERENCE DATA,Unknown,Unclassified legacy artifact,1,Stock Card
Stockcard2025/Stockcard2020.old/2020-61090039.xls,workbook,35840,REFERENCE DATA,Unknown,Unclassified legacy artifact,1,Stock Card
Stockcard2025/Stockcard2020.old/2020-61100011.xls,workbook,36864,REFERENCE DATA,Unknown,Unclassified legacy artifact,1,Stock Card
Stockcard2025/Stockcard2020.old/2020-61110011.xls,workbook,36864,REFERENCE DATA,Unknown,Unclassified legacy artifact,1,Stock Card
Stockcard2025/Stockcard2020.old/2020-61120011.xls,workbook,36864,REFERENCE DATA,Unknown,Unclassified legacy artifact,1,Stock Card
Stockcard2025/Stockcard2020.old/2020-65010013.xls,workbook,35328,REFERENCE DATA,Unknown,Unclassified legacy artifact,1,Stock Card
Stockcard2025/Stockcard2020.old/2020-65030011.xls,workbook,37376,REFERENCE DATA,Unknown,Unclassified legacy artifact,1,Stock Card
Stockcard2025/Stockcard2020.old/2020-65030028.xls,workbook,37376,REFERENCE DATA,Unknown,Unclassified legacy artifact,1,Stock Card
Stockcard2025/Stockcard2020.old/2020-65050019.xls,workbook,37376,REFERENCE DATA,Unknown,Unclassified legacy artifact,1,Stock Card
Stockcard2025/Stockcard2020.old/2020-65090015.xls,workbook,35328,REFERENCE DATA,Unknown,Unclassified legacy artifact,1,Stock Card
Stockcard2025/Stockcard2020.old/2020-65100011.xls,workbook,36864,REFERENCE DATA,Unknown,Unclassified legacy artifact,1,Stock Card
Stockcard2025/Stockcard2020.old/2020-65110010.xls,workbook,35840,REFERENCE DATA,Unknown,Unclassified legacy artifact,1,Stock Card
Stockcard2025/Stockcard2020.old/2020-65120062.xls,workbook,35840,REFERENCE DATA,Unknown,Unclassified legacy artifact,1,Stock Card
Stockcard2025/Stockcard2020.old/2020-65150011.xls,workbook,37376,REFERENCE DATA,Unknown,Unclassified legacy artifact,1,Stock Card
Stockcard2025/Stockcard2020.old/2020-65160011.xls,workbook,36864,REFERENCE DATA,Unknown,Unclassified legacy artifact,1,Stock Card
Stockcard2025/Stockcard2020.old/2020-65170011.xls,workbook,38400,REFERENCE DATA,Unknown,Unclassified legacy artifact,1,Stock Card
Stockcard2025/Stockcard2020.old/2020-70030037.xls,workbook,37888,REFERENCE DATA,Unknown,Unclassified legacy artifact,1,Stock Card
Stockcard2025/Stockcard2020.old/2020-80010012.xls,workbook,37888,REFERENCE DATA,Unknown,Unclassified legacy artifact,1,Stock Card
Stockcard2025/Stockcard2020.old/2020-80010050.xls,workbook,36352,REFERENCE DATA,Unknown,Unclassified legacy artifact,1,Stock Card
Stockcard2025/Stockcard2020.old/2020-80010067.xls,workbook,34304,REFERENCE DATA,Unknown,Unclassified legacy artifact,1,Stock Card
Stockcard2025/Stockcard2020.old/2020-85020016.xls,workbook,36864,REFERENCE DATA,Unknown,Unclassified legacy artifact,1,Stock Card
Stockcard2025/Stockcard2020.old/2020-85040014.xls,workbook,31744,REFERENCE DATA,Unknown,Unclassified legacy artifact,1,Stock Card
Stockcard2025/Stockcard2020.old/2020-85040021.xls,workbook,31744,REFERENCE DATA,Unknown,Unclassified legacy artifact,1,Stock Card
Stockcard2025/Stockcard2020.old/2020-85050068.xls,workbook,32256,REFERENCE DATA,Unknown,Unclassified legacy artifact,1,Stock Card
Stockcard2025/Stockcard2020.old/2020-85050129.xls,workbook,32256,REFERENCE DATA,Unknown,Unclassified legacy artifact,1,Stock Card
Stockcard2025/Stockcard2020.old/2020-85050136.xls,workbook,35328,REFERENCE DATA,Unknown,Unclassified legacy artifact,1,Stock Card
Stockcard2025/Stockcard2020.old/2020-91010032.xls,workbook,34816,REFERENCE DATA,Unknown,Unclassified legacy artifact,1,Stock Card
Stockcard2025/Stockcard2020.old/2020-91020031.xls,workbook,34304,REFERENCE DATA,Unknown,Unclassified legacy artifact,1,Stock Card
Stockcard2025/Stockcard2020.old/2020-91050038.xls,workbook,34816,REFERENCE DATA,Unknown,Unclassified legacy artifact,1,Stock Card
Stockcard2025/Stockcard2020.old/2020-91050045.xls,workbook,34816,REFERENCE DATA,Unknown,Unclassified legacy artifact,1,Stock Card
Stockcard2025/Stockcard2020.old/2020-91050113.xls,workbook,32256,REFERENCE DATA,Unknown,Unclassified legacy artifact,1,Stock Card
Stockcard2025/Stockcard2020.old/2020-91050120.xls,workbook,34816,REFERENCE DATA,Unknown,Unclassified legacy artifact,1,Stock Card
Stockcard2025/Stockcard2020.old/2020-92020030.xls,workbook,34816,REFERENCE DATA,Unknown,Unclassified legacy artifact,1,Stock Card
Stockcard2025/Stockcard2020.old/2020-92020047.xls,workbook,34816,REFERENCE DATA,Unknown,Unclassified legacy artifact,1,Stock Card
Stockcard2025/Stockcard2020.old/2020-92020080.xls,workbook,34816,REFERENCE DATA,Unknown,Unclassified legacy artifact,1,Stock Card
Stockcard2025/Stockcard2020.old/2020-92020090.xls,workbook,34816,REFERENCE DATA,Unknown,Unclassified legacy artifact,1,Stock Card
Stockcard2025/Stockcard2020.old/2020-92020100.xls,workbook,34816,REFERENCE DATA,Unknown,Unclassified legacy artifact,1,Stock Card
Stockcard2025/Stockcard2020.old/2020-92020110.xls,workbook,34816,REFERENCE DATA,Unknown,Unclassified legacy artifact,1,Stock Card
Stockcard2025/Stockcard2020.old/2020-93010016.xls,workbook,30720,REFERENCE DATA,Unknown,Unclassified legacy artifact,1,Stock Card
Stockcard2025/Stockcard2020.old/2020-99999999.xls,workbook,34304,REFERENCE DATA,Unknown,Unclassified legacy artifact,1,Stock Card
Stockcard2025/YYYY-BlankStockCard.xlsx,workbook,74486,REPORT DATA,Inventory,Per-product stock card movement history,1,Stock Card
